statename,statelink
Apsrtc,https://www.redbus.in/online-booking/apsrtc/?utm_source=rtchometile
Ksrtc Kerala,https://www.redbus.in/online-booking/ksrtc-kerala/?utm_source=rtchometile
Tsrtc,https://www.redbus.in/online-booking/tsrtc/?utm_source=rtchometile
Bihar State Road Transport Corporation Bsrtc,https://www.redbus.in/online-booking/bihar-state-road-transport-corporation-bsrtc/?utm_source=rtchometile
Rsrtc,https://www.redbus.in/online-booking/rsrtc/?utm_source=rtchometile
South Bengal State Transport Corporation Sbstc,https://www.redbus.in/online-booking/south-bengal-state-transport-corporation-sbstc/?utm_source=rtchometile
Hrtc,https://www.redbus.in/online-booking/hrtc/?utm_source=rtchometile
Astc,https://www.redbus.in/online-booking/astc/?utm_source=rtchometile
Uttar Pradesh State Road Transport Corporation Upsrtc,https://www.redbus.in/online-booking/uttar-pradesh-state-road-transport-corporation-upsrtc/?utm_source=rtchometile
Wbtc Ctc,https://www.redbus.in/online-booking/wbtc-ctc/?utm_source=rtchometile
